{
  "pee_total_payload": 556446,
  "hs_payload": 4032,
  "total_payload": 560478,
  "final_bpp": 2.1380538940429688,
  "final_psnr": 41.25103701820329,
  "final_ssim": 0.9861,
  "final_hist_corr": 0.9597
}