{
  "method": "Rotation",
  "split_method": "Quarter-based",
  "total_payload": 620598,
  "final_bpp": 2.3673934936523438,
  "final_psnr": 37.95542593997834,
  "final_ssim": 0.9595,
  "final_hist_corr": 0.9542752639011349
}