{
  "method": "Split",
  "total_payload": 499332,
  "final_bpp": 1.9048004150390625,
  "final_psnr": 26.952518603986103,
  "final_ssim": 0.7786,
  "final_hist_corr": 0.3122980116418748
}