{
  "method": "Rotation",
  "pee_total_payload": 454020,
  "hs_payload": 33288,
  "total_payload": 538872,
  "final_bpp": 2.055633544921875,
  "final_psnr": 27.718015060515956,
  "final_ssim": 0.8871,
  "final_hist_corr": 0.5407525336989926
}