{
  "pee_total_payload": 555765,
  "hs_payload": 4032,
  "total_payload": 559797,
  "final_bpp": 2.135456085205078,
  "final_psnr": 28.293358016726714,
  "final_ssim": 0.373,
  "final_hist_corr": 0.9578
}