{
  "pee_total_payload": 427811,
  "hs_payload": 45442,
  "total_payload": 473253,
  "final_bpp": 1.8053169250488281,
  "final_psnr": 27.939014531859748,
  "final_ssim": 0.9021,
  "final_hist_corr": 0.5619
}