{
  "method": "Split",
  "pee_total_payload": 456893,
  "hs_payload": 24011,
  "total_payload": 531030,
  "final_bpp": 2.0257186889648438,
  "final_psnr": 27.550890558627124,
  "final_ssim": 0.8756,
  "final_hist_corr": 0.5550533481502551
}