{
  "method": "Split",
  "total_payload": 565843,
  "final_bpp": 2.158519744873047,
  "final_psnr": 27.400312883118673,
  "final_ssim": 0.8176,
  "final_hist_corr": 0.28214664736943273
}