{
  "pee_total_payload": 428527,
  "hs_payload": 45581,
  "total_payload": 512035,
  "final_bpp": 1.9532585144042969,
  "final_psnr": 27.987152754909502,
  "final_ssim": 0.9011,
  "final_hist_corr": 0.5949
}