{
  "method": "Split",
  "pee_total_payload": 454298,
  "hs_payload": 31927,
  "total_payload": 521240,
  "final_bpp": 1.988372802734375,
  "final_psnr": 28.03421678118037,
  "final_ssim": 0.1278,
  "final_hist_corr": 0.5598563534627591
}