{
  "pee_total_payload": 554952,
  "hs_payload": 4032,
  "total_payload": 558984,
  "final_bpp": 2.132354736328125,
  "final_psnr": 28.29351831312243,
  "final_ssim": 0.3729,
  "final_hist_corr": 0.9561
}