{
  "pee_total_payload": 350424,
  "hs_payload": 137828,
  "total_payload": 488252,
  "final_bpp": 1.8625335693359375,
  "final_psnr": 31.03994157950992,
  "final_ssim": 0.9398,
  "final_hist_corr": 0.647
}