{
  "method": "Split",
  "pee_total_payload": 450658,
  "hs_payload": 24760,
  "total_payload": 519949,
  "final_bpp": 1.9834480285644531,
  "final_psnr": 28.206309462822215,
  "final_ssim": 0.3468,
  "final_hist_corr": 0.5492530565044204
}