{
  "method": "Split",
  "split_method": "Block-based",
  "total_payload": 621881,
  "final_bpp": 2.3722877502441406,
  "final_psnr": 38.04826903022465,
  "final_ssim": 0.9599,
  "final_hist_corr": 0.957195403892752
}