predictor,ratio_of_ones,total_payload,bpp,psnr,ssim,hist_corr
proposed,0.5,220856,0.842498779296875,35.61286002286687,0.9691,0.9664552830826736
med,1.0,266885,1.0180854797363281,34.249177734733,0.9565,0.9397604630103479
gap,0.7,248927,0.9495811462402344,35.921720450247115,0.9683,0.9517987582270231
rhombus,0.9,29936,0.11419677734375,45.370528121160845,0.9952,0.9945852896674304
