predictor,ratio_of_ones,total_payload,bpp,psnr,ssim,hist_corr
proposed,0.5,320452,1.2224273681640625,33.94311132695299,0.9173,0.9566703945222477
med,1.0,287617,1.0971717834472656,33.03725489713009,0.8993,0.9343791707908327
gap,0.7,271458,1.0355300903320312,34.92521490422967,0.9263,0.9592391022055344
rhombus,0.9,75866,0.28940582275390625,45.861714849798005,0.9924,0.9984482687555067
