predictor,ratio_of_ones,total_payload,bpp,psnr,ssim,hist_corr
proposed,0.5,1333767,1.2719793319702148,33.43805049505328,0.881,0.8928409697854012
med,1.0,1212323,1.1561613082885742,33.08880685839467,0.8671,0.8418019679118612
gap,0.7,1175870,1.1213970184326172,34.56213833667477,0.8914,0.8547906470306127
rhombus,0.9,344892,0.3289146423339844,40.32088684935246,0.9487,0.5445872226860486
