Percentage,proposed
8.403996940945113,0.9996105572508909
16.807993881890226,0.997154236887199
25.21199082283534,0.9940135797026987
33.61598776378045,0.9910495940436298
42.019984704725566,0.970799296182419
50.42398164567068,0.9659452997015069
58.82797858661579,0.9435475780732636
67.2319755275609,0.9388298401828973
75.63597246850603,0.9341356909819828
84.03996940945113,0.9294650125270729
92.44396635039624,0.9248176874644376
100.0,0.9238488250873336
