Percentage,proposed
8.403996940945113,0.9996
16.807993881890226,0.9994
25.21199082283534,0.9985
33.61598776378045,0.9985
42.019984704725566,0.998
50.42398164567068,0.9972
58.82797858661579,0.9922139999999999
67.2319755275609,0.9872529299999999
75.63597246850603,0.98231666535
84.03996940945113,0.9774050820232499
92.44396635039624,0.9725180566131337
100.0,0.9938
