Percentage,proposed
8.403996940945113,59.5756639946553
16.807993881890226,59.27778567468202
25.21199082283534,55.633182508469645
33.61598776378045,55.181192395024226
42.019984704725566,54.73592632859411
50.42398164567068,53.707225469749886
58.82797858661579,53.40407691854239
67.2319755275609,52.98563453344582
75.63597246850603,51.63468757678252
84.03996940945113,51.13714585147928
92.44396635039624,50.56341914735213
100.0,50.70344390733301
