predictor,ratio_of_ones,total_payload,bpp,psnr,ssim,hist_corr
proposed,0.5,421830,0.40228843688964844,54.10608152756314,0.9962,0.9513337011691083
med,1.0,244770,0.2334308624267578,53.64612671594746,0.9945,0.9499593654577971
gap,0.7,253697,0.2419443130493164,55.149618159211954,0.9953,0.9465771673721098
rhombus,0.9,335280,0.3197479248046875,52.93454692018664,0.9944,0.7510897543818394
