predictor,ratio_of_ones,total_payload,bpp,psnr,ssim,hist_corr
proposed,0.5,1238724,1.1813392639160156,50.756977366134166,0.9938,0.9232680336579968
med,0.5,1467026,1.3990650177001953,50.05274971985587,0.9944,0.9684895599397577
gap,0.5,1351928,1.2892990112304688,49.97447965082316,0.992,0.9336522048972374
rhombus,0.5,1912222,1.8236370086669922,49.845250802095435,0.9937,0.9631998793859375
